State,District,Year,temp,Season,Crop,Area ,Production,Rainfall,WindSpeed,Humidity
Tamil Nadu,MADURAI,1997,26.615,Kharif     ,Banana,1769,54752,0,20,29
Tamil Nadu,MADURAI,1997,26.615,Kharif     ,Horse-gram,117,60,3.6,17,36
Tamil Nadu,MADURAI,1997,26.615,Kharif     ,Onion,1109,7011,3.6,6,69
Tamil Nadu,MADURAI,1997,26.615,Kharif     ,Sesamum,2403,550,39.8,24,56
Tamil Nadu,MADURAI,1997,26.615,Kharif     ,Small millets,1105,1150,2.8,28,49
Tamil Nadu,MADURAI,1997,27.077,Whole Year ,Arhar/Tur,1498,750,0,24,57
Tamil Nadu,MADURAI,1997,27.077,Whole Year ,Bajra,1020,1290,0.2,26,47
Tamil Nadu,MADURAI,1997,27.077,Whole Year ,Banana,2077,139430,0,24,57
Tamil Nadu,MADURAI,1997,27.077,Whole Year ,Cashewnut,232,140,0,17,48
Tamil Nadu,MADURAI,1997,27.077,Whole Year ,Coriander,253,120,16.2,6,32
Tamil Nadu,MADURAI,1997,27.077,Whole Year ,Cotton(lint),13061,8580,0,9,34
Tamil Nadu,MADURAI,1997,27.077,Whole Year ,Dry chillies,505,370,0.2,15,35
Tamil Nadu,MADURAI,1997,27.077,Whole Year ,Gram,19,10,0,7,29
Tamil Nadu,MADURAI,1997,27.077,Whole Year ,Groundnut,11983,16580,0,20,20
Tamil Nadu,MADURAI,1997,27.077,Whole Year ,Jowar,9626,8860,0,20,16
Tamil Nadu,MADURAI,1997,27.077,Whole Year ,Maize,306,620,0,9,22
Tamil Nadu,MADURAI,1997,27.077,Whole Year ,Moong(Green Gram),5158,1610,0,19,23
Tamil Nadu,MADURAI,1997,27.077,Whole Year ,Pulses total,10273,3400,1.2,11,26
Tamil Nadu,MADURAI,1997,27.077,Whole Year ,Ragi,298,720,0.6,17,25
Tamil Nadu,MADURAI,1997,27.077,Whole Year ,Rice,83061,314380,0,13,27
Tamil Nadu,MADURAI,1997,27.077,Whole Year ,Small millets,720,20,0,31,26
Tamil Nadu,MADURAI,1997,27.077,Whole Year ,Sugarcane,8108,18223000,0.4,11,72
Tamil Nadu,MADURAI,1997,27.077,Whole Year ,Sunflower,967,860,25.8,13,79
Tamil Nadu,MADURAI,1997,27.077,Whole Year ,Sweet potato,93,1350,0.4,9,57
Tamil Nadu,MADURAI,1997,27.077,Whole Year ,Tapioca,56,2100,0,15,31
Tamil Nadu,MADURAI,1997,27.077,Whole Year ,Total foodgrain,109708,332710,0,22,48
Tamil Nadu,MADURAI,1997,27.077,Whole Year ,Turmeric,7,40,0.2,17,55
Tamil Nadu,MADURAI,1997,27.077,Whole Year ,Urad,1248,580,0,11,31
Tamil Nadu,MADURAI,1998,28.014,Kharif     ,Arhar/Tur,4055,4465,0,17,80
Tamil Nadu,MADURAI,1998,28.014,Kharif     ,Bajra,3412,6225,0.4,6,49
Tamil Nadu,MADURAI,1998,28.014,Kharif     ,Cotton(lint),17147,26970,22.6,20,90
Tamil Nadu,MADURAI,1998,28.014,Kharif     ,Groundnut,14722,25578,4.2,9,46
Tamil Nadu,MADURAI,1998,28.014,Kharif     ,Horse-gram,153,77,0.2,35,60
Tamil Nadu,MADURAI,1998,28.014,Kharif     ,Jowar,12744,14981,6.6,26,40
Tamil Nadu,MADURAI,1998,28.014,Kharif     ,Maize,1025,2066,0,30,63
Tamil Nadu,MADURAI,1998,28.014,Kharif     ,Moong(Green Gram),13040,7159,0,9,54
Tamil Nadu,MADURAI,1998,28.014,Kharif     ,Pulses total,26613,14426,0,6,74
Tamil Nadu,MADURAI,1998,28.014,Kharif     ,Ragi,229,408,4,13,42
Tamil Nadu,MADURAI,1998,28.014,Kharif     ,Rice,88338,303471,0,24,24
Tamil Nadu,MADURAI,1998,28.014,Kharif     ,Sesamum,4471,2390,0,6,37
Tamil Nadu,MADURAI,1998,28.014,Kharif     ,Small millets,12100,3300,0.6,15,63
Tamil Nadu,MADURAI,1998,28.014,Kharif     ,Sunflower,759,746,0,24,51
Tamil Nadu,MADURAI,1998,28.014,Kharif     ,Total foodgrain,140117,34880,0,20,49
Tamil Nadu,MADURAI,1998,28.014,Kharif     ,Urad,3443,1684,0,11,37
Tamil Nadu,MADURAI,1998,26.616,Rabi       ,Gram,26,21,0,13,36
Tamil Nadu,MADURAI,1998,29.79,Whole Year ,Banana,2126,142723,5.4,7,86
Tamil Nadu,MADURAI,1998,29.79,Whole Year ,Cashewnut,434,88,1.4,20,40
Tamil Nadu,MADURAI,1998,29.79,Whole Year ,Castor seed,301,57,0,20,43
Tamil Nadu,MADURAI,1998,29.79,Whole Year ,Coriander,546,257,0,6,54
Tamil Nadu,MADURAI,1998,29.79,Whole Year ,Dry chillies,455,335,3.4,13,74
Tamil Nadu,MADURAI,1998,29.79,Whole Year ,Onion,695,2934,6.4,22,48
Tamil Nadu,MADURAI,1998,29.79,Whole Year ,Sugarcane,10081,3059430,11,30,62
Tamil Nadu,MADURAI,1998,29.79,Whole Year ,Sweet potato,21,359,17.4,20,49
Tamil Nadu,MADURAI,1998,29.79,Whole Year ,Tapioca,2,74,0,13,43
Tamil Nadu,MADURAI,1998,29.79,Whole Year ,Turmeric,1,6,3.4,11,52
Tamil Nadu,MADURAI,1999,26.789,Kharif     ,Arhar/Tur,2334,1309,0,19,35
Tamil Nadu,MADURAI,1999,26.789,Kharif     ,Bajra,3286,5803,0,48,64
Tamil Nadu,MADURAI,1999,26.789,Kharif     ,Castor seed,82,17,14.4,13,44
Tamil Nadu,MADURAI,1999,26.789,Kharif     ,Cotton(lint),12052,14907,0,7,30
Tamil Nadu,MADURAI,1999,26.789,Kharif     ,Groundnut,9301,15134,0,22,18
Tamil Nadu,MADURAI,1999,26.789,Kharif     ,Horse-gram,213,93,0,9,20
Tamil Nadu,MADURAI,1999,26.789,Kharif     ,Jowar,9703,14975,0,11,20
Tamil Nadu,MADURAI,1999,26.789,Kharif     ,Korra,130,33,0,9,14
Tamil Nadu,MADURAI,1999,26.789,Kharif     ,Maize,983,1971,0,24,55
Tamil Nadu,MADURAI,1999,26.789,Kharif     ,Moong(Green Gram),9406,5183,0,26,45
Tamil Nadu,MADURAI,1999,26.789,Kharif     ,Ragi,158,254,0,15,40
Tamil Nadu,MADURAI,1999,26.789,Kharif     ,Rice,79103,331342,0,19,34
Tamil Nadu,MADURAI,1999,26.789,Kharif     ,Sesamum,3837,1452,0,11,36
Tamil Nadu,MADURAI,1999,26.789,Kharif     ,Sunflower,592,645,0,9,44
Tamil Nadu,MADURAI,1999,26.789,Kharif     ,Urad,2040,1057,0,11,45
Tamil Nadu,MADURAI,1999,26.789,Kharif     ,Varagu,496,560,0,11,25
Tamil Nadu,MADURAI,1999,27.454,Rabi       ,Gram,88,58,0,19,24
Tamil Nadu,MADURAI,1999,27.454,Rabi       ,Samai,576,458,0,17,28
Tamil Nadu,MADURAI,1999,26.046,Whole Year ,Banana,1769,54752,2,24,35
Tamil Nadu,MADURAI,1999,26.046,Whole Year ,Cashewnut,419,123,0,19,57
Tamil Nadu,MADURAI,1999,26.046,Whole Year ,Coriander,375,87,0,15,26
Tamil Nadu,MADURAI,1999,26.046,Whole Year ,Dry chillies,562,434,0,20,62
Tamil Nadu,MADURAI,1999,26.046,Whole Year ,Guar seed,6971,105080,4.8,28,42
Tamil Nadu,MADURAI,1999,26.046,Whole Year ,Onion,1109,7011,0,19,55
Tamil Nadu,MADURAI,1999,26.046,Whole Year ,Sugarcane,6971,863190,18.8,13,88
Tamil Nadu,MADURAI,1999,26.046,Whole Year ,Sweet potato,38,461,12.2,28,71
Tamil Nadu,MADURAI,1999,26.046,Whole Year ,Tapioca,25,887,0.8,22,58
Tamil Nadu,MADURAI,1999,26.046,Whole Year ,Turmeric,2,11,0,7,46
Tamil Nadu,MADURAI,2000,25.087,Kharif     ,Arhar/Tur,2269,1273,0,7,38
Tamil Nadu,MADURAI,2000,25.087,Kharif     ,Bajra,3199,5119,0,11,29
Tamil Nadu,MADURAI,2000,25.087,Kharif     ,Castor seed,66,14,0,17,32
Tamil Nadu,MADURAI,2000,25.087,Kharif     ,Cotton(lint),10952,12635,0,7,28
Tamil Nadu,MADURAI,2000,25.087,Kharif     ,Groundnut,6739,10661,0,26,28
Tamil Nadu,MADURAI,2000,25.087,Kharif     ,Horse-gram,127,55,0,24,18
Tamil Nadu,MADURAI,2000,25.087,Kharif     ,Jowar,12053,10923,0,11,22
Tamil Nadu,MADURAI,2000,25.087,Kharif     ,Maize,560,1123,0,13,29
Tamil Nadu,MADURAI,2000,25.087,Kharif     ,Moong(Green Gram),9501,2822,5.2,13,49
Tamil Nadu,MADURAI,2000,25.087,Kharif     ,Other Cereals & Millets,736,700,2.2,11,49
Tamil Nadu,MADURAI,2000,25.087,Kharif     ,Other Kharif pulses,4063,703,0,11,44
Tamil Nadu,MADURAI,2000,25.087,Kharif     ,Ragi,156,237,0,17,38
Tamil Nadu,MADURAI,2000,25.087,Kharif     ,Rice,71421,327017,1.8,13,76
Tamil Nadu,MADURAI,2000,25.087,Kharif     ,Sesamum,2944,1238,9,11,71
Tamil Nadu,MADURAI,2000,25.087,Kharif     ,Sunflower,270,277,1,24,41
Tamil Nadu,MADURAI,2000,25.087,Kharif     ,Urad,2819,1460,0,20,76
Tamil Nadu,MADURAI,2000,24.082,Whole Year ,Banana,1577,48810,16.2,20,58
Tamil Nadu,MADURAI,2000,24.082,Whole Year ,Cashewnut,100,38,0,17,51
Tamil Nadu,MADURAI,2000,24.082,Whole Year ,Coriander,66,15,0,13,37
Tamil Nadu,MADURAI,2000,24.082,Whole Year ,Dry chillies,279,193,0,13,34
Tamil Nadu,MADURAI,2000,24.082,Whole Year ,Onion,641,4052,4.4,17,60
Tamil Nadu,MADURAI,2000,24.082,Whole Year ,Sugarcane,5991,741840,11,15,73
Tamil Nadu,MADURAI,2000,24.082,Whole Year ,Sweet potato,45,546,0.2,9,37
Tamil Nadu,MADURAI,2000,24.082,Whole Year ,Tapioca,73,2590,0,7,32
Tamil Nadu,MADURAI,2000,24.082,Whole Year ,Turmeric,23,125,0,19,40
Tamil Nadu,MADURAI,2001,26.132,Kharif     ,Arhar/Tur,1855,1210,0,13,46
Tamil Nadu,MADURAI,2001,26.132,Kharif     ,Bajra,2031,2590,0,11,42
Tamil Nadu,MADURAI,2001,26.132,Kharif     ,Cotton(lint),11094,9220,0,15,38
Tamil Nadu,MADURAI,2001,26.132,Kharif     ,Groundnut,7145,11740,0,9,31
Tamil Nadu,MADURAI,2001,26.132,Kharif     ,Jowar,10986,13910,1.8,7,56
Tamil Nadu,MADURAI,2001,26.132,Kharif     ,Moong(Green Gram),5231,2600,6.6,28,42
Tamil Nadu,MADURAI,2001,26.132,Kharif     ,Ragi,134,270,0,26,32
Tamil Nadu,MADURAI,2001,26.132,Kharif     ,Rice,68131,271590,0,30,34
Tamil Nadu,MADURAI,2001,26.132,Kharif     ,Sesamum,1747,630,0,7,35
Tamil Nadu,MADURAI,2001,26.132,Kharif     ,Sunflower,147,140,0,17,27
Tamil Nadu,MADURAI,2001,26.132,Kharif     ,Urad,1469,550,0,30,25
Tamil Nadu,MADURAI,2001,27.767,Whole Year ,Sugarcane,6043,636000,0,13,78
Tamil Nadu,MADURAI,2002,25.665,Kharif     ,Arhar/Tur,1160,633,10.4,17,34
Tamil Nadu,MADURAI,2002,25.665,Kharif     ,Bajra,2986,4390,0,15,31
Tamil Nadu,MADURAI,2002,25.665,Kharif     ,Castor seed,20,8,0,11,37
Tamil Nadu,MADURAI,2002,25.665,Kharif     ,Cotton(lint),9505,6153,0,9,28
Tamil Nadu,MADURAI,2002,25.665,Kharif     ,Groundnut,4639,6821,0,7,28
Tamil Nadu,MADURAI,2002,25.665,Kharif     ,Horse-gram,151,38,0,6,35
Tamil Nadu,MADURAI,2002,25.665,Kharif     ,Jowar,9390,9313,0,9,24
Tamil Nadu,MADURAI,2002,25.665,Kharif     ,Korra,27,7,0,9,34
Tamil Nadu,MADURAI,2002,25.665,Kharif     ,Maize,614,1233,3,9,39
Tamil Nadu,MADURAI,2002,25.665,Kharif     ,Moong(Green Gram),4596,1843,0,11,33
Tamil Nadu,MADURAI,2002,25.665,Kharif     ,Other Kharif pulses,2304,401,0,9,28
Tamil Nadu,MADURAI,2002,25.665,Kharif     ,Ragi,209,312,0,7,18
Tamil Nadu,MADURAI,2002,25.665,Kharif     ,Rice,43959,112171,0.2,28,23
Tamil Nadu,MADURAI,2002,25.665,Kharif     ,Samai,84,61,0,7,18
Tamil Nadu,MADURAI,2002,25.665,Kharif     ,Sesamum,1048,241,0,13,15
Tamil Nadu,MADURAI,2002,25.665,Kharif     ,Small millets,4255,2422,0,4,15
Tamil Nadu,MADURAI,2002,25.665,Kharif     ,Sunflower,222,140,0,6,17
Tamil Nadu,MADURAI,2002,25.665,Kharif     ,Urad,1798,1469,0,13,22
Tamil Nadu,MADURAI,2002,25.665,Kharif     ,Varagu,169,129,0,19,30
Tamil Nadu,MADURAI,2002,24.878,Rabi       ,Gram,148,86,0,15,48
Tamil Nadu,MADURAI,2002,26.077,Whole Year ,Ash Gourd,2,0,0,26,35
Tamil Nadu,MADURAI,2002,26.077,Whole Year ,Banana,2136,76779,0,17,62
Tamil Nadu,MADURAI,2002,26.077,Whole Year ,Beet Root,1,0,0,17,64
Tamil Nadu,MADURAI,2002,26.077,Whole Year ,Bhindi,170,1267,0,7,44
Tamil Nadu,MADURAI,2002,26.077,Whole Year ,Bitter Gourd,17,0,0.6,19,68
Tamil Nadu,MADURAI,2002,26.077,Whole Year ,Bottle Gourd,1,0,6.4,20,93
Tamil Nadu,MADURAI,2002,26.077,Whole Year ,Brinjal,360,2147,19.8,20,50
Tamil Nadu,MADURAI,2002,26.077,Whole Year ,Cashewnut,251,76,0,17,36
Tamil Nadu,MADURAI,2002,26.077,Whole Year ,Citrus Fruit,68,75,0,19,35
Tamil Nadu,MADURAI,2002,26.077,Whole Year ,Coconut ,10545,98100,0,22,30
Tamil Nadu,MADURAI,2002,26.077,Whole Year ,Coriander,338,63,0,31,34
Tamil Nadu,MADURAI,2002,26.077,Whole Year ,Cucumber,35,0,0,26,42
Tamil Nadu,MADURAI,2002,26.077,Whole Year ,Drum Stick,285,0,0,11,34
Tamil Nadu,MADURAI,2002,26.077,Whole Year ,Dry chillies,400,237,0,37,26
Tamil Nadu,MADURAI,2002,26.077,Whole Year ,Grapes,3,44,2.6,33,40
Tamil Nadu,MADURAI,2002,26.077,Whole Year ,Jack Fruit,13,147,0,7,33
Tamil Nadu,MADURAI,2002,26.077,Whole Year ,Lab-Lab,14,0,0,7,27
Tamil Nadu,MADURAI,2002,26.077,Whole Year ,Mango,5647,14344,0,11,35
Tamil Nadu,MADURAI,2002,26.077,Whole Year ,Onion,908,5429,0,11,48
Tamil Nadu,MADURAI,2002,26.077,Whole Year ,Orange,1,2,0,9,45
Tamil Nadu,MADURAI,2002,26.077,Whole Year ,Other Citrus Fruit,24,0,0,6,49
Tamil Nadu,MADURAI,2002,26.077,Whole Year ,Other Fresh Fruits,193,0,0,6,28
Tamil Nadu,MADURAI,2002,26.077,Whole Year ,Other Vegetables,118,0,0,7,29
Tamil Nadu,MADURAI,2002,26.077,Whole Year ,Pear,1,0,0,11,32
Tamil Nadu,MADURAI,2002,26.077,Whole Year ,Pome Fruit,1075,5624,2,15,56
Tamil Nadu,MADURAI,2002,26.077,Whole Year ,Pome Granet,6,0,5.2,20,40
Tamil Nadu,MADURAI,2002,26.077,Whole Year ,Pump Kin,15,0,0,9,36
Tamil Nadu,MADURAI,2002,26.077,Whole Year ,Ribed Guard,4,0,0,13,39
Tamil Nadu,MADURAI,2002,26.077,Whole Year ,Snak Guard,6,0,0,7,44
Tamil Nadu,MADURAI,2002,26.077,Whole Year ,Sugarcane,5639,601070,0,11,43
Tamil Nadu,MADURAI,2002,26.077,Whole Year ,Sweet potato,63,861,0,22,51
Tamil Nadu,MADURAI,2002,26.077,Whole Year ,Tapioca,98,3096,0,30,65
Tamil Nadu,MADURAI,2002,26.077,Whole Year ,Tomato,376,4632,0,7,34
Tamil Nadu,MADURAI,2002,26.077,Whole Year ,Turmeric,29,108,0,22,49
Tamil Nadu,MADURAI,2002,26.077,Whole Year ,Water Melon,2,0,0,7,43
Tamil Nadu,MADURAI,2002,26.077,Whole Year ,Yam,17,0,0,9,55
Tamil Nadu,MADURAI,2003,25.254,Kharif     ,Arhar/Tur,1420,869,0,7,42
Tamil Nadu,MADURAI,2003,25.254,Kharif     ,Bajra,3338,3757,0.2,20,34
Tamil Nadu,MADURAI,2003,25.254,Kharif     ,Castor seed,36,12,0,31,51
Tamil Nadu,MADURAI,2003,25.254,Kharif     ,Cotton(lint),10651,6570,7.2,22,60
Tamil Nadu,MADURAI,2003,25.254,Kharif     ,Groundnut,5742,8446,0.2,9,40
Tamil Nadu,MADURAI,2003,25.254,Kharif     ,Horse-gram,168,45,0,19,40
Tamil Nadu,MADURAI,2003,25.254,Kharif     ,Jowar,11319,13154,0,26,54
Tamil Nadu,MADURAI,2003,25.254,Kharif     ,Korra,7,2,0,28,38
Tamil Nadu,MADURAI,2003,25.254,Kharif     ,Maize,794,1591,0,13,42
Tamil Nadu,MADURAI,2003,25.254,Kharif     ,Moong(Green Gram),4644,391,0,15,42
Tamil Nadu,MADURAI,2003,25.254,Kharif     ,Other Kharif pulses,2436,423,0,19,41
Tamil Nadu,MADURAI,2003,25.254,Kharif     ,Ragi,178,274,0,26,53
Tamil Nadu,MADURAI,2003,25.254,Kharif     ,Rice,23934,65024,0,30,43
Tamil Nadu,MADURAI,2003,25.254,Kharif     ,Sesamum,1666,635,0,9,44
Tamil Nadu,MADURAI,2003,25.254,Kharif     ,Small millets,3846,256,0,9,36
Tamil Nadu,MADURAI,2003,25.254,Kharif     ,Sunflower,328,306,0,9,41
Tamil Nadu,MADURAI,2003,25.254,Kharif     ,Urad,1391,569,0,11,52
Tamil Nadu,MADURAI,2003,26.089,Rabi       ,Gram,82,48,0,15,47
Tamil Nadu,MADURAI,2003,26.304,Whole Year ,Ash Gourd,10,0,0,15,34
Tamil Nadu,MADURAI,2003,26.304,Whole Year ,Banana,2436,86173,0,20,44
Tamil Nadu,MADURAI,2003,26.304,Whole Year ,Bhindi,221,1548,0,20,40
Tamil Nadu,MADURAI,2003,26.304,Whole Year ,Bitter Gourd,13,0,1.8,15,69
Tamil Nadu,MADURAI,2003,26.304,Whole Year ,Bottle Gourd,4,0,1,24,78
Tamil Nadu,MADURAI,2003,26.304,Whole Year ,Brinjal,270,1612,0.8,26,53
Tamil Nadu,MADURAI,2003,26.304,Whole Year ,Cabbage,1,64,0,24,36
Tamil Nadu,MADURAI,2003,26.304,Whole Year ,Cashewnut,255,88,0,24,52
Tamil Nadu,MADURAI,2003,26.304,Whole Year ,Cauliflower,19,0,0,7,47
Tamil Nadu,MADURAI,2003,26.304,Whole Year ,Citrus Fruit,81,85,0,6,43
Tamil Nadu,MADURAI,2003,26.304,Whole Year ,Coconut ,10611,74000,0,6,49
Tamil Nadu,MADURAI,2003,26.304,Whole Year ,Coriander,500,145,0,6,43
Tamil Nadu,MADURAI,2003,26.304,Whole Year ,Cucumber,48,0,0,15,48
Tamil Nadu,MADURAI,2003,26.304,Whole Year ,Drum Stick,276,0,3.8,6,50
Tamil Nadu,MADURAI,2003,26.304,Whole Year ,Dry chillies,616,328,5.2,13,55
Tamil Nadu,MADURAI,2003,26.304,Whole Year ,Grapes,1,24,0,6,50
Tamil Nadu,MADURAI,2003,26.304,Whole Year ,Jack Fruit,14,135,0.2,7,45
Tamil Nadu,MADURAI,2003,26.304,Whole Year ,Lab-Lab,6,0,0,15,46
Tamil Nadu,MADURAI,2003,26.304,Whole Year ,Litchi,14,0,0,7,38
Tamil Nadu,MADURAI,2003,26.304,Whole Year ,Mango,5558,10232,0,7,67
Tamil Nadu,MADURAI,2003,26.304,Whole Year ,Onion,794,5148,0,6,67
Tamil Nadu,MADURAI,2003,26.304,Whole Year ,Orange,3,6,0.8,11,86
Tamil Nadu,MADURAI,2003,26.304,Whole Year ,Other Citrus Fruit,37,0,3.8,20,65
Tamil Nadu,MADURAI,2003,26.304,Whole Year ,Other Fresh Fruits,208,0,0,20,65
Tamil Nadu,MADURAI,2003,26.304,Whole Year ,Other Vegetables,72,0,0,4,42
Tamil Nadu,MADURAI,2003,26.304,Whole Year ,Papaya,2,0,0,11,42
Tamil Nadu,MADURAI,2003,26.304,Whole Year ,Pome Fruit,1002,7035,0,13,70
Tamil Nadu,MADURAI,2003,26.304,Whole Year ,Pome Granet,10,0,0,19,65
Tamil Nadu,MADURAI,2003,26.304,Whole Year ,Pump Kin,3,0,6.2,0,94
Tamil Nadu,MADURAI,2003,26.304,Whole Year ,Redish,15,0,4.8,17,65
Tamil Nadu,MADURAI,2003,26.304,Whole Year ,Ribed Guard,1,0,0.2,24,48
Tamil Nadu,MADURAI,2003,26.304,Whole Year ,Snak Guard,14,0,0.6,28,58
Tamil Nadu,MADURAI,2003,26.304,Whole Year ,Sugarcane,4276,326840,0,24,49
Tamil Nadu,MADURAI,2003,26.304,Whole Year ,Sweet potato,88,1276,0,26,57
Tamil Nadu,MADURAI,2003,26.304,Whole Year ,Tapioca,123,4144,0,9,51
Tamil Nadu,MADURAI,2003,26.304,Whole Year ,Tomato,308,2636,0,7,58
Tamil Nadu,MADURAI,2003,26.304,Whole Year ,Turmeric,21,87,0,9,70
Tamil Nadu,MADURAI,2003,26.304,Whole Year ,Yam,24,0,0,7,63
Tamil Nadu,MADURAI,2004,27.063,Kharif     ,Arhar/Tur,1025,684,4.8,7,86
Tamil Nadu,MADURAI,2004,27.063,Kharif     ,Bajra,5201,6376,0.6,19,59
Tamil Nadu,MADURAI,2004,27.063,Kharif     ,Castor seed,28,9,0,9,44
Tamil Nadu,MADURAI,2004,27.063,Kharif     ,Cotton(lint),12035,6820,0,15,53
Tamil Nadu,MADURAI,2004,27.063,Kharif     ,Groundnut,8108,10812,0,28,69
Tamil Nadu,MADURAI,2004,27.063,Kharif     ,Horse-gram,196,58,0,28,54
Tamil Nadu,MADURAI,2004,27.063,Kharif     ,Jowar,10605,10754,0,28,48
Tamil Nadu,MADURAI,2004,27.063,Kharif     ,Maize,826,1657,0,24,51
Tamil Nadu,MADURAI,2004,27.063,Kharif     ,Moong(Green Gram),3955,1690,0,9,41
Tamil Nadu,MADURAI,2004,27.063,Kharif     ,Niger seed,2,,0,22,38
Tamil Nadu,MADURAI,2004,27.063,Kharif     ,Other Kharif pulses,2438,424,0,28,68
Tamil Nadu,MADURAI,2004,27.063,Kharif     ,Ragi,122,187,2,33,56
Tamil Nadu,MADURAI,2004,27.063,Kharif     ,Rice,60368,196583,0.2,30,53
Tamil Nadu,MADURAI,2004,27.063,Kharif     ,Sesamum,999,335,0,20,53
Tamil Nadu,MADURAI,2004,27.063,Kharif     ,Small millets,3983,2470,0,13,52
Tamil Nadu,MADURAI,2004,27.063,Kharif     ,Sunflower,253,276,0,2,55
Tamil Nadu,MADURAI,2004,27.063,Kharif     ,Urad,1563,263,0,22,59
Tamil Nadu,MADURAI,2004,26.593,Rabi       ,Gram,106,65,0.8,13,96
Tamil Nadu,MADURAI,2004,25.354,Whole Year ,Banana,2733,116090,16.8,15,72
Tamil Nadu,MADURAI,2004,25.354,Whole Year ,Cashewnut,267,97,0,15,68
Tamil Nadu,MADURAI,2004,25.354,Whole Year ,Coconut ,8470,127000,0,35,85
Tamil Nadu,MADURAI,2004,25.354,Whole Year ,Coriander,550,239,1.6,31,66
Tamil Nadu,MADURAI,2004,25.354,Whole Year ,Dry chillies,608,405,0.2,7,54
Tamil Nadu,MADURAI,2004,25.354,Whole Year ,Onion,969,9004,0,15,69
Tamil Nadu,MADURAI,2004,25.354,Whole Year ,Sugarcane,3312,404518,0,22,51
Tamil Nadu,MADURAI,2004,25.354,Whole Year ,Sweet potato,53,801,0,17,46
Tamil Nadu,MADURAI,2004,25.354,Whole Year ,Tapioca,65,2682,0.2,9,62
Tamil Nadu,MADURAI,2004,25.354,Whole Year ,Turmeric,20,110,0,24,55
Tamil Nadu,MADURAI,2005,26.587,Kharif     ,Arhar/Tur,1117,708,0,33,73
Tamil Nadu,MADURAI,2005,26.587,Kharif     ,Bajra,5703,6790,1.2,22,48
Tamil Nadu,MADURAI,2005,26.587,Kharif     ,Castor seed,72,26,0.2,6,87
Tamil Nadu,MADURAI,2005,26.587,Kharif     ,Cotton(lint),10432,13734,19.2,31,56
Tamil Nadu,MADURAI,2005,26.587,Kharif     ,Groundnut,7441,11900,0,28,33
Tamil Nadu,MADURAI,2005,26.587,Kharif     ,Horse-gram,81,30,0,11,48
Tamil Nadu,MADURAI,2005,26.587,Kharif     ,Jowar,12078,13022,0,13,51
Tamil Nadu,MADURAI,2005,26.587,Kharif     ,Maize,1471,,0,13,25
Tamil Nadu,MADURAI,2005,26.587,Kharif     ,Moong(Green Gram),3943,2813,0.2,19,50
Tamil Nadu,MADURAI,2005,26.587,Kharif     ,Other Kharif pulses,2470,423,0,13,66
Tamil Nadu,MADURAI,2005,26.587,Kharif     ,Ragi,237,330,1.4,37,56
Tamil Nadu,MADURAI,2005,26.587,Kharif     ,Rice,70996,234492,0,22,49
Tamil Nadu,MADURAI,2005,26.587,Kharif     ,Sesamum,1267,387,0,15,48
Tamil Nadu,MADURAI,2005,26.587,Kharif     ,Small millets,3258,2029,0,26,38
Tamil Nadu,MADURAI,2005,26.587,Kharif     ,Sunflower,324,270,1,28,82
Tamil Nadu,MADURAI,2005,26.587,Kharif     ,Urad,1873,1230,6.6,31,56
Tamil Nadu,MADURAI,2005,27.666,Rabi       ,Gram,106,63,0,24,48
Tamil Nadu,MADURAI,2005,26.898,Whole Year ,Banana,2831,139015,0,19,60
Tamil Nadu,MADURAI,2005,26.898,Whole Year ,Cashewnut,310,117,0,26,72
Tamil Nadu,MADURAI,2005,26.898,Whole Year ,Coconut ,10647,1258,4,22,48
Tamil Nadu,MADURAI,2005,26.898,Whole Year ,Coriander,608,185,0,26,78
Tamil Nadu,MADURAI,2005,26.898,Whole Year ,Dry chillies,416,270,1.2,30,62
Tamil Nadu,MADURAI,2005,26.898,Whole Year ,Onion,1045,6375,0,24,70
Tamil Nadu,MADURAI,2005,26.898,Whole Year ,Sugarcane,4537,407209,0.4,24,68
Tamil Nadu,MADURAI,2005,26.898,Whole Year ,Sweet potato,56,2135,0.4,30,60
Tamil Nadu,MADURAI,2005,26.898,Whole Year ,Tapioca,52,1987,0,24,63
Tamil Nadu,MADURAI,2005,26.898,Whole Year ,Turmeric,42,232,0,30,41
Tamil Nadu,MADURAI,2006,25.878,Kharif     ,Rice,67230,267518,0,39,45
Tamil Nadu,MADURAI,2006,25.878,Kharif     ,Small millets,4076,2458,0,33,51
Tamil Nadu,MADURAI,2006,28.166,Whole Year ,Arhar/Tur,1159,547,0,28,27
Tamil Nadu,MADURAI,2006,28.166,Whole Year ,Bajra,5110,6606,0,17,35
Tamil Nadu,MADURAI,2006,28.166,Whole Year ,Banana,2766,148214,0,30,30
Tamil Nadu,MADURAI,2006,28.166,Whole Year ,Cashewnut,236,107,0,20,47
Tamil Nadu,MADURAI,2006,28.166,Whole Year ,Castor seed,123,44,0,24,36
Tamil Nadu,MADURAI,2006,28.166,Whole Year ,Coconut ,10784,1899,0,30,27
Tamil Nadu,MADURAI,2006,28.166,Whole Year ,Coriander,534,174,0,26,44
Tamil Nadu,MADURAI,2006,28.166,Whole Year ,Cotton(lint),9368,14095,0,17,38
Tamil Nadu,MADURAI,2006,28.166,Whole Year ,Dry chillies,823,572,0,11,28
Tamil Nadu,MADURAI,2006,28.166,Whole Year ,Gram,64,38,0,19,34
Tamil Nadu,MADURAI,2006,28.166,Whole Year ,Groundnut,5342,11391,0,26,23
Tamil Nadu,MADURAI,2006,28.166,Whole Year ,Horse-gram,72,42,0,13,23
Tamil Nadu,MADURAI,2006,28.166,Whole Year ,Jowar,10165,10257,0,15,43
Tamil Nadu,MADURAI,2006,28.166,Whole Year ,Maize,2014,5653,0,20,45
Tamil Nadu,MADURAI,2006,28.166,Whole Year ,Moong(Green Gram),4297,1439,0,6,45
Tamil Nadu,MADURAI,2006,28.166,Whole Year ,Onion,932,9798,4,15,85
Tamil Nadu,MADURAI,2006,28.166,Whole Year ,Ragi,163,229,7.4,28,34
Tamil Nadu,MADURAI,2006,28.166,Whole Year ,Rapeseed &Mustard,3,1,0,13,44
Tamil Nadu,MADURAI,2006,28.166,Whole Year ,Sesamum,885,227,0,20,51
Tamil Nadu,MADURAI,2006,28.166,Whole Year ,Sugarcane,6006,656204,0.2,17,61
Tamil Nadu,MADURAI,2006,28.166,Whole Year ,Sunflower,139,133,0,13,73
Tamil Nadu,MADURAI,2006,28.166,Whole Year ,Sweet potato,47,1791,0,24,33
Tamil Nadu,MADURAI,2006,28.166,Whole Year ,Tapioca,36,1453,0,22,33
Tamil Nadu,MADURAI,2006,28.166,Whole Year ,Turmeric,13,75,1,11,37
Tamil Nadu,MADURAI,2006,28.166,Whole Year ,Urad,1581,323,0,22,25
Tamil Nadu,MADURAI,2007,27.727,Kharif     ,Rice,61864,214880,0,20,35
Tamil Nadu,MADURAI,2007,27.727,Kharif     ,Small millets,4210,2517,0,20,20
Tamil Nadu,MADURAI,2007,25.352,Whole Year ,Arhar/Tur,1954,869,0,26,27
Tamil Nadu,MADURAI,2007,25.352,Whole Year ,Bajra,4874,6589,0,26,31
Tamil Nadu,MADURAI,2007,25.352,Whole Year ,Banana,2792,133292,9.8,30,43
Tamil Nadu,MADURAI,2007,25.352,Whole Year ,Cashewnut,197,113,1.6,52,33
Tamil Nadu,MADURAI,2007,25.352,Whole Year ,Castor seed,249,87,3.4,31,33
Tamil Nadu,MADURAI,2007,25.352,Whole Year ,Coconut ,10660,1675,0,7,43
Tamil Nadu,MADURAI,2007,25.352,Whole Year ,Coriander,310,119,0,28,36
Tamil Nadu,MADURAI,2007,25.352,Whole Year ,Cotton(lint),7477,11450,0,28,30
Tamil Nadu,MADURAI,2007,25.352,Whole Year ,Dry chillies,1155,584,0,41,15
Tamil Nadu,MADURAI,2007,25.352,Whole Year ,Gram,91,55,0,33,25
Tamil Nadu,MADURAI,2007,25.352,Whole Year ,Groundnut,4687,8769,0,20,50
Tamil Nadu,MADURAI,2007,25.352,Whole Year ,Horse-gram,29,13,17.4,22,44
Tamil Nadu,MADURAI,2007,25.352,Whole Year ,Jowar,9780,10295,0,6,33
Tamil Nadu,MADURAI,2007,25.352,Whole Year ,Maize,4359,11557,0,13,32
Tamil Nadu,MADURAI,2007,25.352,Whole Year ,Moong(Green Gram),4190,581,0,26,35
Tamil Nadu,MADURAI,2007,25.352,Whole Year ,Onion,931,11684,0,24,25
Tamil Nadu,MADURAI,2007,25.352,Whole Year ,Ragi,144,269,0,30,25
Tamil Nadu,MADURAI,2007,25.352,Whole Year ,Rapeseed &Mustard,1,,0,22,32
Tamil Nadu,MADURAI,2007,25.352,Whole Year ,Sesamum,725,109,0,28,34
Tamil Nadu,MADURAI,2007,25.352,Whole Year ,Small millets,4210,2517,0,30,16
Tamil Nadu,MADURAI,2007,25.352,Whole Year ,Sugarcane,5827,567905,0,28,21
Tamil Nadu,MADURAI,2007,25.352,Whole Year ,Sunflower,447,410,0,41,22
Tamil Nadu,MADURAI,2007,25.352,Whole Year ,Sweet potato,59,928,7.6,19,65
Tamil Nadu,MADURAI,2007,25.352,Whole Year ,Tapioca,39,1646,3,19,46
Tamil Nadu,MADURAI,2007,25.352,Whole Year ,Turmeric,17,91,0,33,40
Tamil Nadu,MADURAI,2007,25.352,Whole Year ,Urad,2071,539,8.2,28,45
Tamil Nadu,MADURAI,2008,26.885,Kharif     ,Rice,66699,267228,0,26,33
Tamil Nadu,MADURAI,2008,26.885,Kharif     ,Small millets,2645,1632,0,9,22
Tamil Nadu,MADURAI,2008,28.823,Whole Year ,Arecanut,4,8,0,19,25
Tamil Nadu,MADURAI,2008,28.823,Whole Year ,Arhar/Tur,1345,934,0,17,30
Tamil Nadu,MADURAI,2008,28.823,Whole Year ,Bajra,5675,9662,0,11,27
Tamil Nadu,MADURAI,2008,28.823,Whole Year ,Banana,2680,134413,0,33,47
Tamil Nadu,MADURAI,2008,28.823,Whole Year ,Cashewnut,177,92,13.2,24,61
Tamil Nadu,MADURAI,2008,28.823,Whole Year ,Castor seed,256,91,0.6,7,42
Tamil Nadu,MADURAI,2008,28.823,Whole Year ,Coconut ,10860,1941000,0,9,30
Tamil Nadu,MADURAI,2008,28.823,Whole Year ,Coriander,263,90,0,26,34
Tamil Nadu,MADURAI,2008,28.823,Whole Year ,Cotton(lint),7207,13369,0,20,31
Tamil Nadu,MADURAI,2008,28.823,Whole Year ,Dry chillies,923,612,0,26,30
Tamil Nadu,MADURAI,2008,28.823,Whole Year ,Gram,67,40,0.2,31,20
Tamil Nadu,MADURAI,2008,28.823,Whole Year ,Groundnut,4578,9071,0,11,28
Tamil Nadu,MADURAI,2008,28.823,Whole Year ,Horse-gram,62,29,0.8,37,24
Tamil Nadu,MADURAI,2008,28.823,Whole Year ,Jowar,12580,5874,0,15,25
Tamil Nadu,MADURAI,2008,28.823,Whole Year ,Maize,4608,15014,0,17,29
Tamil Nadu,MADURAI,2008,28.823,Whole Year ,Moong(Green Gram),2939,655,0,19,16
Tamil Nadu,MADURAI,2008,28.823,Whole Year ,Onion,581,5492,0,19,20
Tamil Nadu,MADURAI,2008,28.823,Whole Year ,Ragi,63,135,0,50,15
Tamil Nadu,MADURAI,2008,28.823,Whole Year ,Rapeseed &Mustard,3,1,0,19,22
Tamil Nadu,MADURAI,2008,28.823,Whole Year ,Sesamum,904,355,0,9,47
Tamil Nadu,MADURAI,2008,28.823,Whole Year ,Small millets,2645,1632,0,28,39
Tamil Nadu,MADURAI,2008,28.823,Whole Year ,Sugarcane,4966,592186,0,35,13
Tamil Nadu,MADURAI,2008,28.823,Whole Year ,Sunflower,269,359,9.8,30,43
Tamil Nadu,MADURAI,2008,28.823,Whole Year ,Sweet potato,54,718,1.6,52,33
Tamil Nadu,MADURAI,2008,28.823,Whole Year ,Tapioca,73,2662,3.4,31,33
Tamil Nadu,MADURAI,2008,28.823,Whole Year ,Turmeric,15,87,0,7,43
Tamil Nadu,MADURAI,2008,28.823,Whole Year ,Urad,966,304,0,28,36
Tamil Nadu,MADURAI,2009,26.434,Kharif     ,Rice,50986,203616,0,28,30
Tamil Nadu,MADURAI,2009,26.434,Kharif     ,Small millets,1855,1153,0,41,15
Tamil Nadu,MADURAI,2009,28.826,Whole Year ,Arecanut,1,2,0,33,25
Tamil Nadu,MADURAI,2009,28.826,Whole Year ,Arhar/Tur,1432,1320,0,20,50
Tamil Nadu,MADURAI,2009,28.826,Whole Year ,Bajra,5452,9872,17.4,22,44
Tamil Nadu,MADURAI,2009,28.826,Whole Year ,Banana,2504,107662,0,6,33
Tamil Nadu,MADURAI,2009,28.826,Whole Year ,Cashewnut,180,90,0,13,32
Tamil Nadu,MADURAI,2009,28.826,Whole Year ,Castor seed,131,46,0,26,35
Tamil Nadu,MADURAI,2009,28.826,Whole Year ,Coconut ,11072,155400,0,24,25
Tamil Nadu,MADURAI,2009,28.826,Whole Year ,Coriander,331,131,0,30,25
Tamil Nadu,MADURAI,2009,28.826,Whole Year ,Cotton(lint),5839,8408,0,22,32
Tamil Nadu,MADURAI,2009,28.826,Whole Year ,Dry chillies,801,428,0,28,34
Tamil Nadu,MADURAI,2009,28.826,Whole Year ,Gram,99,59,0,30,16
Tamil Nadu,MADURAI,2009,28.826,Whole Year ,Groundnut,3191,4900,0,28,21
Tamil Nadu,MADURAI,2009,28.826,Whole Year ,Horse-gram,114,53,0,41,22
Tamil Nadu,MADURAI,2009,28.826,Whole Year ,Jowar,10038,11573,7.6,19,65
Tamil Nadu,MADURAI,2009,28.826,Whole Year ,Maize,4553,14042,3,19,46
Tamil Nadu,MADURAI,2009,28.826,Whole Year ,Moong(Green Gram),3012,663,0,33,40
Tamil Nadu,MADURAI,2009,28.826,Whole Year ,Onion,679,5223,8.2,28,45
Tamil Nadu,MADURAI,2009,28.826,Whole Year ,Ragi,50,91,0,26,33
Tamil Nadu,MADURAI,2009,28.826,Whole Year ,Rapeseed &Mustard,1,,0,9,22
Tamil Nadu,MADURAI,2009,28.826,Whole Year ,Sesamum,1148,402,9.8,30,43
Tamil Nadu,MADURAI,2009,28.826,Whole Year ,Sugarcane,3837,260094,1.6,52,33
Tamil Nadu,MADURAI,2009,28.826,Whole Year ,Sunflower,156,207,3.4,31,33
Tamil Nadu,MADURAI,2009,28.826,Whole Year ,Sweet potato,21,254,0,7,43
Tamil Nadu,MADURAI,2009,28.826,Whole Year ,Tapioca,68,2344,0,28,36
Tamil Nadu,MADURAI,2009,28.826,Whole Year ,Turmeric,13,66,0,28,30
Tamil Nadu,MADURAI,2009,28.826,Whole Year ,Urad,1045,397,0,41,15
Tamil Nadu,MADURAI,2010,26.404,Kharif     ,Arhar/Tur,1626,1311,0,33,25
Tamil Nadu,MADURAI,2010,26.404,Kharif     ,Castor seed,76,59,0,20,50
Tamil Nadu,MADURAI,2010,26.404,Kharif     ,Cotton(lint),6896,12119,17.4,22,44
Tamil Nadu,MADURAI,2010,26.404,Kharif     ,Groundnut,2960,5410,0,6,33
Tamil Nadu,MADURAI,2010,26.404,Kharif     ,Horse-gram,20,10,0,13,32
Tamil Nadu,MADURAI,2010,26.404,Kharif     ,Maize,3848,15238,0,26,35
Tamil Nadu,MADURAI,2010,26.404,Kharif     ,Moong(Green Gram),3355,913,0,24,25
Tamil Nadu,MADURAI,2010,26.404,Kharif     ,Ragi,51,118,0,30,25
Tamil Nadu,MADURAI,2010,26.404,Kharif     ,Rice,61064,260055,0,22,32
Tamil Nadu,MADURAI,2010,26.404,Kharif     ,Sunflower,95,108,0,28,34
Tamil Nadu,MADURAI,2010,26.404,Kharif     ,Urad,1036,489,0,30,16
Tamil Nadu,MADURAI,2010,24.937,Rabi       ,Gram,59,35,0,28,21
Tamil Nadu,MADURAI,2010,24.524,Whole Year ,Sugarcane,3571,363436,0,41,22
Tamil Nadu,MADURAI,2011,27.787,Kharif     ,Bajra,3306,7674,7.6,19,65
Tamil Nadu,MADURAI,2011,27.787,Kharif     ,Cotton(lint),4374,8553,3,19,46
Tamil Nadu,MADURAI,2011,27.787,Kharif     ,Groundnut,1674,2710,0,33,40
Tamil Nadu,MADURAI,2011,27.787,Kharif     ,Jowar,8483,13746,8.2,28,45
Tamil Nadu,MADURAI,2011,27.787,Kharif     ,Maize,4833,18675,0,26,33
Tamil Nadu,MADURAI,2011,27.787,Kharif     ,Ragi,69,182,0,9,22
Tamil Nadu,MADURAI,2011,27.787,Kharif     ,Rice,65635,304235,0,15,68
Tamil Nadu,MADURAI,2011,26.456,Rabi       ,Bajra,743,3169,0,35,85
Tamil Nadu,MADURAI,2011,26.456,Rabi       ,Cotton(lint),2317,5476,1.6,31,66
Tamil Nadu,MADURAI,2011,26.456,Rabi       ,Groundnut,1688,3676,0.2,7,54
Tamil Nadu,MADURAI,2011,26.456,Rabi       ,Jowar,1071,1905,0,15,69
Tamil Nadu,MADURAI,2011,26.456,Rabi       ,Maize,889,5911,0,22,51
Tamil Nadu,MADURAI,2011,26.456,Rabi       ,Ragi,1,3,0,17,46
Tamil Nadu,MADURAI,2011,24.292,Whole Year ,Arecanut,1,2,0.2,9,62
Tamil Nadu,MADURAI,2011,24.292,Whole Year ,Arhar/Tur,1643,1786,0,24,55
Tamil Nadu,MADURAI,2011,24.292,Whole Year ,Banana,2370,103556,0,33,73
Tamil Nadu,MADURAI,2011,24.292,Whole Year ,Cashewnut,175,46,1.2,22,48
Tamil Nadu,MADURAI,2011,24.292,Whole Year ,Castor seed,91,27,0.2,6,87
Tamil Nadu,MADURAI,2011,24.292,Whole Year ,Coconut ,11382,177300000,19.2,31,56
Tamil Nadu,MADURAI,2011,24.292,Whole Year ,Coriander,300,140,0,28,33
Tamil Nadu,MADURAI,2011,24.292,Whole Year ,Dry chillies,643,281,0,11,48
Tamil Nadu,MADURAI,2011,24.292,Whole Year ,Gram,43,28,0,13,51
Tamil Nadu,MADURAI,2011,24.292,Whole Year ,Horse-gram,41,22,0,13,25
Tamil Nadu,MADURAI,2011,24.292,Whole Year ,Moong(Green Gram),2495,1461,0.2,19,50
Tamil Nadu,MADURAI,2011,24.292,Whole Year ,Onion,899,9772,0,13,66
Tamil Nadu,MADURAI,2011,24.292,Whole Year ,Small millets,2105,1295,1.4,37,56
Tamil Nadu,MADURAI,2011,24.292,Whole Year ,Sugarcane,4341,490210,0,22,49
Tamil Nadu,MADURAI,2011,24.292,Whole Year ,Sunflower,184,331,0,15,48
Tamil Nadu,MADURAI,2011,24.292,Whole Year ,Sweet potato,33,676,0,26,38
Tamil Nadu,MADURAI,2011,24.292,Whole Year ,Tapioca,105,3955,1,28,82
Tamil Nadu,MADURAI,2011,24.292,Whole Year ,Tobacco,1,,6.6,31,56
Tamil Nadu,MADURAI,2011,24.292,Whole Year ,Turmeric,29,159,0,24,48
Tamil Nadu,MADURAI,2011,24.292,Whole Year ,Urad,1053,888,0,19,60
Tamil Nadu,MADURAI,2012,25.272,Kharif     ,Arhar/Tur,1504,1014,0,26,72
Tamil Nadu,MADURAI,2012,25.272,Kharif     ,Castor seed,167,30,4,22,48
Tamil Nadu,MADURAI,2012,25.272,Kharif     ,Cotton(lint),5182,6853,0,26,78
Tamil Nadu,MADURAI,2012,25.272,Kharif     ,Groundnut,2319,4637,1.2,30,62
Tamil Nadu,MADURAI,2012,25.272,Kharif     ,Horse-gram,42,17,0,24,70
Tamil Nadu,MADURAI,2012,25.272,Kharif     ,Maize,7033,14740,0.4,24,68
Tamil Nadu,MADURAI,2012,25.272,Kharif     ,Moong(Green Gram),1655,629,0.4,30,60
Tamil Nadu,MADURAI,2012,25.272,Kharif     ,Ragi,12,23,0,24,63
Tamil Nadu,MADURAI,2012,25.272,Kharif     ,Rice,18024,65000,0,30,41
Tamil Nadu,MADURAI,2012,25.272,Kharif     ,Sunflower,81,80,0,39,45
Tamil Nadu,MADURAI,2012,25.272,Kharif     ,Urad,719,374,0,33,51
Tamil Nadu,MADURAI,2012,25.767,Rabi       ,Gram,11,7,0,28,27
Tamil Nadu,MADURAI,2012,25.692,Whole Year ,Sugarcane,4944,494730,0,17,35
Tamil Nadu,MADURAI,2013,24.633,Kharif     ,Bajra,1321,2161,0,30,30
Tamil Nadu,MADURAI,2013,24.633,Kharif     ,Castor seed,33,10,0,20,47
Tamil Nadu,MADURAI,2013,24.633,Kharif     ,Cotton(lint),3492,6008,0,24,36
Tamil Nadu,MADURAI,2013,24.633,Kharif     ,Groundnut,1049,2191,0,30,27
Tamil Nadu,MADURAI,2013,24.633,Kharif     ,Horse-gram,40,20,0,26,44
Tamil Nadu,MADURAI,2013,24.633,Kharif     ,Jowar,8169,14802,0,17,38
Tamil Nadu,MADURAI,2013,24.633,Kharif     ,Maize,4660,18918,0,11,28
Tamil Nadu,MADURAI,2013,24.633,Kharif     ,Moong(Green Gram),1843,1512,0,19,34
Tamil Nadu,MADURAI,2013,24.633,Kharif     ,Onion,193,1887,0,26,23
Tamil Nadu,MADURAI,2013,24.633,Kharif     ,Ragi,44,120,0,13,23
Tamil Nadu,MADURAI,2013,24.633,Kharif     ,Rice,35268,163965,0,15,43
Tamil Nadu,MADURAI,2013,24.633,Kharif     ,Sunflower,13,23,0,20,45
Tamil Nadu,MADURAI,2013,24.633,Kharif     ,Urad,724,608,0,6,45
Tamil Nadu,MADURAI,2013,27.415,Rabi       ,Bajra,988,2150,4,15,85
Tamil Nadu,MADURAI,2013,27.415,Rabi       ,Cotton(lint),2403,3853,7.4,28,34
Tamil Nadu,MADURAI,2013,27.415,Rabi       ,Groundnut,1051,2316,0,13,44
Tamil Nadu,MADURAI,2013,27.415,Rabi       ,Horse-gram,73,47,0,20,51
Tamil Nadu,MADURAI,2013,27.415,Rabi       ,Jowar,2321,5238,0.2,17,61
Tamil Nadu,MADURAI,2013,27.415,Rabi       ,Maize,3368,16847,0,13,73
Tamil Nadu,MADURAI,2013,27.415,Rabi       ,Moong(Green Gram),485,391,0,24,33
Tamil Nadu,MADURAI,2013,27.415,Rabi       ,Onion,299,2461,0,22,33
Tamil Nadu,MADURAI,2013,27.415,Rabi       ,Ragi,16,63,1,11,37
Tamil Nadu,MADURAI,2013,27.415,Rabi       ,Sunflower,35,35,0,22,25
Tamil Nadu,MADURAI,2013,27.415,Rabi       ,Urad,281,240,0,20,35
Tamil Nadu,MADURAI,2013,27.918,Whole Year ,Arhar/Tur,2069,1758,0,20,20
Tamil Nadu,MADURAI,2013,27.918,Whole Year ,Banana,2427,100803,0,26,27
Tamil Nadu,MADURAI,2013,27.918,Whole Year ,Cashewnut,168,48,0,26,31
Tamil Nadu,MADURAI,2013,27.918,Whole Year ,Coconut ,11305,157800000,9.8,30,43
Tamil Nadu,MADURAI,2013,27.918,Whole Year ,Coriander,65,23,1.6,52,33
Tamil Nadu,MADURAI,2013,27.918,Whole Year ,Dry chillies,396,108,3.4,31,33
Tamil Nadu,MADURAI,2013,27.918,Whole Year ,Garlic,1,6,0,7,43
Tamil Nadu,MADURAI,2013,27.918,Whole Year ,Gram,9,5,0,28,36
Tamil Nadu,MADURAI,2013,27.918,Whole Year ,Small millets,2354,1419,0,28,30
Tamil Nadu,MADURAI,2013,27.918,Whole Year ,Sugarcane,4075,399214,0,41,15
Tamil Nadu,MADURAI,2013,27.918,Whole Year ,Sweet potato,19,637,0,33,25
Tamil Nadu,MADURAI,2013,27.918,Whole Year ,Tapioca,73,2184,0,20,50
Tamil Nadu,MADURAI,2013,27.918,Whole Year ,Turmeric,13,48,17.4,22,44
